{
  "nacional": {
    "true positive": 3013,
    "true negative": 21577,
    "false positive": 1523,
    "false negative": 847,
    "f1-score": 0.7177227251071939,
    "accuracy": 0.9120919881305638,
    "precision": 0.6642416225749559,
    "recall": 0.7805699481865285,
    "true positive rate": 0.6642416225749559,
    "false positive rate": 0.06593073593073594
  },
  "ciencia y tecnologia": {
    "true positive": 3420,
    "true negative": 22400,
    "false positive": 705,
    "false negative": 435,
    "f1-score": 0.8571428571428571,
    "accuracy": 0.9577151335311572,
    "precision": 0.8290909090909091,
    "recall": 0.8871595330739299,
    "true positive rate": 0.8290909090909091,
    "false positive rate": 0.030512876000865614
  },
  "deportes": {
    "true positive": 3224,
    "true negative": 22594,
    "false positive": 511,
    "false negative": 631,
    "f1-score": 0.8495388669301713,
    "accuracy": 0.9576409495548961,
    "precision": 0.863186077643909,
    "recall": 0.8363164721141375,
    "true positive rate": 0.863186077643909,
    "false positive rate": 0.022116425016230252
  },
  "entretenimiento": {
    "true positive": 3127,
    "true negative": 22627,
    "false positive": 483,
    "false negative": 723,
    "f1-score": 0.8383378016085791,
    "accuracy": 0.9552670623145401,
    "precision": 0.8662049861495845,
    "recall": 0.8122077922077922,
    "true positive rate": 0.8662049861495845,
    "false positive rate": 0.02090004327131112
  },
  "economia": {
    "true positive": 3199,
    "true negative": 22609,
    "false positive": 501,
    "false negative": 651,
    "f1-score": 0.8474172185430463,
    "accuracy": 0.9572700296735905,
    "precision": 0.8645945945945946,
    "recall": 0.8309090909090909,
    "true positive rate": 0.8645945945945946,
    "false positive rate": 0.021678926871484205
  },
  "internacional": {
    "true positive": 2719,
    "true negative": 22329,
    "false positive": 781,
    "false negative": 1131,
    "f1-score": 0.7398639455782312,
    "accuracy": 0.929080118694362,
    "precision": 0.7768571428571428,
    "recall": 0.7062337662337662,
    "true positive rate": 0.7768571428571428,
    "false positive rate": 0.033794893985287754
  },
  "salud": {
    "true positive": 3278,
    "true negative": 22644,
    "false positive": 476,
    "false negative": 562,
    "f1-score": 0.8633131419541743,
    "accuracy": 0.9614985163204748,
    "precision": 0.8732019179541822,
    "recall": 0.8536458333333333,
    "true positive rate": 0.8732019179541822,
    "false positive rate": 0.020588235294117647
  }
}